IncidntNum,Category,Descript,DayOfWeek,Date,Time,PdDistrict,Resolution,Address,X,Y,Location,PdId
140734311,ARSON,ARSON OF A VEHICLE,Sunday,08/31/2014,23:50,BAYVIEW,NONE,LOOMIS ST / INDUSTRIAL ST,-122.405646994567,37.7383221869053,"(37.7383221869053, -122.405646994567)",14073431126031
140736317,NON-CRIMINAL,LOST PROPERTY,Sunday,08/31/2014,23:45,MISSION,NONE,400 Block of CASTRO ST,-122.435012093789,37.7617677182954,"(37.7617677182954, -122.435012093789)",14073631771000
146177923,LARCENY/THEFT,GRAND THEFT FROM LOCKED AUTO,Sunday,08/31/2014,23:30,SOUTHERN,NONE,1000 Block of MISSION ST,-122.409795194505,37.7800356268394,"(37.7800356268394, -122.409795194505)",14617792306244
146177531,LARCENY/THEFT,GRAND THEFT FROM LOCKED AUTO,Sunday,08/31/2014,23:30,RICHMOND,NONE,FULTON ST / 26TH AV,-122.485262988324,37.7725176473142,"(37.7725176473142, -122.485262988324)",14617753106244
140734220,NON-CRIMINAL,FOUND PROPERTY,Sunday,08/31/2014,23:23,RICHMOND,NONE,800 Block of LA PLAYA ST,-122.509895418239,37.7723131976814,"(37.7723131976814, -122.509895418239)",14073422072000
140734349,DRUG/NARCOTIC,POSSESSION OF MARIJUANA,Sunday,08/31/2014,23:13,SOUTHERN,"ARREST, BOOKED",11TH ST / MINNA ST,-122.416578493475,37.773907074489,"(37.773907074489, -122.416578493475)",14073434916010
140734349,DRUG/NARCOTIC,POSSESSION OF CONTROLLED SUBSTANCE FOR SALE,Sunday,08/31/2014,23:13,SOUTHERN,"ARREST, BOOKED",11TH ST / MINNA ST,-122.416578493475,37.773907074489,"(37.773907074489, -122.416578493475)",14073434916662
140734349,DRIVING UNDER THE INFLUENCE,DRIVING WHILE UNDER THE INFLUENCE OF ALCOHOL,Sunday,08/31/2014,23:13,SOUTHERN,"ARREST, BOOKED",11TH ST / MINNA ST,-122.416578493475,37.773907074489,"(37.773907074489, -122.416578493475)",14073434965050
140738147,OTHER OFFENSES,EVADING A POLICE OFFICER RECKLESSLY,Sunday,08/31/2014,23:00,INGLESIDE,NONE,1400 Block of DOLORES ST,-122.424497944857,37.7466488718366,"(37.7466488718366, -122.424497944857)",14073814727175
140734258,TRESPASS,TRESPASSING,Sunday,08/31/2014,23:00,CENTRAL,"ARREST, CITED",900 Block of MASON ST,-122.410845624227,37.7923158747647,"(37.7923158747647, -122.410845624227)",14073425827195
140738711,VEHICLE THEFT,STOLEN TRUCK,Sunday,08/31/2014,23:00,CENTRAL,NONE,800 Block of POST ST,-122.415821891164,37.7872932910877,"(37.7872932910877, -122.415821891164)",14073871107025
146178410,LARCENY/THEFT,PETTY THEFT OF PROPERTY,Sunday,08/31/2014,23:00,CENTRAL,NONE,300 Block of BAY ST,-122.412782236976,37.8056654684523,"(37.8056654684523, -122.412782236976)",14617841006372
140787570,NON-CRIMINAL,LOST PROPERTY,Sunday,08/31/2014,23:00,MISSION,NONE,600 Block of VALENCIA ST,-122.421550176461,37.7621307247611,"(37.7621307247611, -122.421550176461)",14078757071000
140735604,VEHICLE THEFT,STOLEN AUTOMOBILE,Sunday,08/31/2014,23:00,MISSION,NONE,GUERRERO ST / CESAR CHAVEZ ST,-122.42249041028,37.7480144418715,"(37.7480144418715, -122.42249041028)",14073560407021
140738147,VEHICLE THEFT,STOLEN MOTORCYCLE,Sunday,08/31/2014,23:00,INGLESIDE,NONE,1400 Block of DOLORES ST,-122.424497944857,37.7466488718366,"(37.7466488718366, -122.424497944857)",14073814707023
140734145,ASSAULT,BATTERY,Sunday,08/31/2014,22:58,MISSION,"ARREST, CITED",1000 Block of POTRERO AV,-122.406539115148,37.7564864109309,"(37.7564864109309, -122.406539115148)",14073414504134
140734214,FRAUD,DEFRAUDING AN INNKEEPER,Sunday,08/31/2014,22:51,CENTRAL,NONE,200 Block of JEFFERSON ST,-122.416629414907,37.8080574789267,"(37.8080574789267, -122.416629414907)",14073421427010
140734214,ASSAULT,AGGRAVATED ASSAULT WITH BODILY FORCE,Sunday,08/31/2014,22:51,CENTRAL,NONE,200 Block of JEFFERSON ST,-122.416629414907,37.8080574789267,"(37.8080574789267, -122.416629414907)",14073421404014
140734098,SUSPICIOUS OCC,SUSPICIOUS OCCURRENCE,Sunday,08/31/2014,22:38,SOUTHERN,NONE,10TH ST / HOWARD ST,-122.414370627495,37.7740418385041,"(37.7740418385041, -122.414370627495)",14073409864070
140734098,NON-CRIMINAL,FOUND PROPERTY,Sunday,08/31/2014,22:38,SOUTHERN,NONE,10TH ST / HOWARD ST,-122.414370627495,37.7740418385041,"(37.7740418385041, -122.414370627495)",14073409872000
140734123,SECONDARY CODES,DOMESTIC VIOLENCE,Sunday,08/31/2014,22:35,MISSION,NONE,3000 Block of FOLSOM ST,-122.413765068125,37.7485319183987,"(37.7485319183987, -122.413765068125)",14073412315200
140734123,ASSAULT,THREATS AGAINST LIFE,Sunday,08/31/2014,22:35,MISSION,NONE,3000 Block of FOLSOM ST,-122.413765068125,37.7485319183987,"(37.7485319183987, -122.413765068125)",14073412319057
140734822,LARCENY/THEFT,PETTY THEFT FROM LOCKED AUTO,Sunday,08/31/2014,22:30,CENTRAL,NONE,MONTGOMERY ST / PACIFIC AV,-122.403678112414,37.7972972029479,"(37.7972972029479, -122.403678112414)",14073482206241
146178476,LARCENY/THEFT,GRAND THEFT FROM LOCKED AUTO,Sunday,08/31/2014,22:30,SOUTHERN,NONE,HARRISON ST / 11TH ST,-122.41248326348,37.7706305910776,"(37.7706305910776, -122.41248326348)",14617847606244
146179355,LARCENY/THEFT,GRAND THEFT FROM UNLOCKED AUTO,Sunday,08/31/2014,22:18,NORTHERN,NONE,LARKIN ST / PINE ST,-122.418844748098,37.7898297669592,"(37.7898297669592, -122.418844748098)",14617935506224
140734151,OTHER OFFENSES,MISCELLANEOUS INVESTIGATION,Sunday,08/31/2014,22:10,SOUTHERN,NONE,100 Block of STEUART ST,-122.392349764257,37.7926450897756,"(37.7926450897756, -122.392349764257)",14073415168020
140734010,ASSAULT,SHOOTING INTO INHABITED DWELLING OR OCCUPIED VEHICLE,Sunday,08/31/2014,22:01,BAYVIEW,"ARREST, BOOKED",0 Block of OLMSTEAD ST,-122.402130234805,37.7227554286725,"(37.7227554286725, -122.402130234805)",14073401004081
140734010,WEAPON LAWS,POSS OF FIREARM BY CONVICTED FELON/ADDICT/ALIEN,Sunday,08/31/2014,22:01,BAYVIEW,"ARREST, BOOKED",0 Block of OLMSTEAD ST,-122.402130234805,37.7227554286725,"(37.7227554286725, -122.402130234805)",14073401012080
140734010,OTHER OFFENSES,CRUELTY TO ANIMALS,Sunday,08/31/2014,22:01,BAYVIEW,"ARREST, BOOKED",0 Block of OLMSTEAD ST,-122.402130234805,37.7227554286725,"(37.7227554286725, -122.402130234805)",14073401028010
140736624,VEHICLE THEFT,STOLEN AUTOMOBILE,Sunday,08/31/2014,22:00,INGLESIDE,NONE,400 Block of DELTA ST,-122.40911287775,37.714150230756,"(37.714150230756, -122.40911287775)",14073662407021
146177741,LARCENY/THEFT,GRAND THEFT FROM LOCKED AUTO,Sunday,08/31/2014,22:00,RICHMOND,NONE,2500 Block of MCALLISTER ST,-122.453870632501,37.7755820573955,"(37.7755820573955, -122.453870632501)",14617774106244
146179054,LARCENY/THEFT,GRAND THEFT FROM LOCKED AUTO,Sunday,08/31/2014,22:00,SOUTHERN,NONE,400 Block of NATOMA ST,-122.406941270083,37.7806787734071,"(37.7806787734071, -122.406941270083)",14617905406244
140737791,NON-CRIMINAL,LOST PROPERTY,Sunday,08/31/2014,22:00,TENDERLOIN,NONE,100 Block of ELLIS ST,-122.408270724034,37.7854941424186,"(37.7854941424186, -122.408270724034)",14073779171000
140735193,OTHER OFFENSES,LOST/STOLEN LICENSE PLATE,Sunday,08/31/2014,22:00,INGLESIDE,NONE,200 Block of HOLLYPARK CR,-122.418860969819,37.7375161241247,"(37.7375161241247, -122.418860969819)",14073519371010
140735610,LARCENY/THEFT,PETTY THEFT FROM LOCKED AUTO,Sunday,08/31/2014,22:00,MISSION,"ARREST, BOOKED",600 Block of FLORIDA ST,-122.411093822635,37.7610475742041,"(37.7610475742041, -122.411093822635)",14073561006242
140734173,LARCENY/THEFT,GRAND THEFT FROM LOCKED AUTO,Sunday,08/31/2014,22:00,NORTHERN,NONE,POST ST / LAGUNA ST,-122.428151140162,37.7857828233879,"(37.7857828233879, -122.428151140162)",14073417306244
140735375,VEHICLE THEFT,STOLEN AUTOMOBILE,Sunday,08/31/2014,22:00,CENTRAL,NONE,PINE ST / JONES ST,-122.413918209236,37.7904619656257,"(37.7904619656257, -122.413918209236)",14073537507021
146178034,LARCENY/THEFT,GRAND THEFT FROM UNLOCKED AUTO,Sunday,08/31/2014,22:00,NORTHERN,NONE,2400 Block of CALIFORNIA ST,-122.434689351674,37.7888538411014,"(37.7888538411014, -122.434689351674)",14617803406224
140734082,DRUG/NARCOTIC,POSSESSION OF METH-AMPHETAMINE FOR SALE,Sunday,08/31/2014,21:55,SOUTHERN,"ARREST, BOOKED",100 Block of 6TH ST,-122.408466556173,37.7807008318778,"(37.7807008318778, -122.408466556173)",14073408216652
140734082,DRUG/NARCOTIC,POSSESSION OF HEROIN FOR SALES,Sunday,08/31/2014,21:55,SOUTHERN,"ARREST, BOOKED",100 Block of 6TH ST,-122.408466556173,37.7807008318778,"(37.7807008318778, -122.408466556173)",14073408216110
140734082,WEAPON LAWS,POSS OF FIREARM BY CONVICTED FELON/ADDICT/ALIEN,Sunday,08/31/2014,21:55,SOUTHERN,"ARREST, BOOKED",100 Block of 6TH ST,-122.408466556173,37.7807008318778,"(37.7807008318778, -122.408466556173)",14073408212080
140734866,SUSPICIOUS OCC,SUSPICIOUS OCCURRENCE,Sunday,08/31/2014,21:50,RICHMOND,NONE,ANZA ST / 18TH AV,-122.477099544732,37.7785031056258,"(37.7785031056258, -122.477099544732)",14073486664070
140733965,ASSAULT,BATTERY,Sunday,08/31/2014,21:40,TENDERLOIN,"ARREST, BOOKED",200 Block of POWELL ST,-122.408201657254,37.7868849113107,"(37.7868849113107, -122.408201657254)",14073396504134
140733965,ASSAULT,THREATS AGAINST LIFE,Sunday,08/31/2014,21:40,TENDERLOIN,"ARREST, BOOKED",200 Block of POWELL ST,-122.408201657254,37.7868849113107,"(37.7868849113107, -122.408201657254)",14073396519057
140733909,ASSAULT,BATTERY WITH SERIOUS INJURIES,Sunday,08/31/2014,21:31,SOUTHERN,NONE,6TH ST / HARRISON ST,-122.404071611406,37.7772741854354,"(37.7772741854354, -122.404071611406)",14073390904136
140733909,ASSAULT,AGGRAVATED ASSAULT WITH A DEADLY WEAPON,Sunday,08/31/2014,21:31,SOUTHERN,NONE,6TH ST / HARRISON ST,-122.404071611406,37.7772741854354,"(37.7772741854354, -122.404071611406)",14073390904013
140734117,LARCENY/THEFT,PETTY THEFT SHOPLIFTING,Sunday,08/31/2014,21:30,TENDERLOIN,"ARREST, CITED",100 Block of OFARRELL ST,-122.407244087032,37.7865647607685,"(37.7865647607685, -122.407244087032)",14073411706363
140733971,SECONDARY CODES,DOMESTIC VIOLENCE,Sunday,08/31/2014,21:30,TENDERLOIN,"ARREST, BOOKED",300 Block of ELLIS ST,-122.411987643595,37.7850226622786,"(37.7850226622786, -122.411987643595)",14073397115200
140734446,NON-CRIMINAL,FOUND PROPERTY,Sunday,08/31/2014,21:30,SOUTHERN,NONE,800 Block of BRYANT ST,-122.403404791479,37.775420706711,"(37.775420706711, -122.403404791479)",14073444672000
140742176,LARCENY/THEFT,GRAND THEFT PICKPOCKET,Sunday,08/31/2014,21:30,SOUTHERN,NONE,400 Block of 6TH ST,-122.403671442177,37.7770324435946,"(37.7770324435946, -122.403671442177)",14074217606114
140733915,ASSAULT,AGGRAVATED ASSAULT WITH A KNIFE,Sunday,08/31/2014,21:16,MISSION,NONE,2800 Block of HARRISON ST,-122.411890526714,37.7518117592566,"(37.7518117592566, -122.411890526714)",14073391504012
146180603,LARCENY/THEFT,GRAND THEFT FROM UNLOCKED AUTO,Sunday,08/31/2014,21:15,SOUTHERN,NONE,HOWARD ST / 8TH ST,-122.411609760643,37.7762209908405,"(37.7762209908405, -122.411609760643)",14618060306224
140733993,LARCENY/THEFT,GRAND THEFT FROM PERSON,Sunday,08/31/2014,21:14,NORTHERN,NONE,MCALLISTER ST / FILLMORE ST,-122.431765489439,37.7786311131248,"(37.7786311131248, -122.431765489439)",14073399306153
140733987,SUSPICIOUS OCC,INVESTIGATIVE DETENTION,Sunday,08/31/2014,21:06,SOUTHERN,NONE,800 Block of BRYANT ST,-122.402849079555,37.7758599616408,"(37.7758599616408, -122.402849079555)",14073398764085
140733987,ASSAULT,ASSAULT,Sunday,08/31/2014,21:06,SOUTHERN,NONE,800 Block of BRYANT ST,-122.402849079555,37.7758599616408,"(37.7758599616408, -122.402849079555)",14073398704104
146177688,LARCENY/THEFT,GRAND THEFT FROM UNLOCKED AUTO,Sunday,08/31/2014,21:00,CENTRAL,NONE,600 Block of PINE ST,-122.406536677006,37.7913419604498,"(37.7913419604498, -122.406536677006)",14617768806224
146179543,LARCENY/THEFT,GRAND THEFT FROM UNLOCKED AUTO,Sunday,08/31/2014,21:00,CENTRAL,NONE,PINE ST / GRANT AV,-122.405744762009,37.7914980828425,"(37.7914980828425, -122.405744762009)",14617954306224
146178482,LARCENY/THEFT,PETTY THEFT OF PROPERTY,Sunday,08/31/2014,20:45,SOUTHERN,NONE,200 Block of 3RD ST,-122.399899436982,37.7846480308387,"(37.7846480308387, -122.399899436982)",14617848206372
140734286,LARCENY/THEFT,GRAND THEFT FROM LOCKED AUTO,Sunday,08/31/2014,20:45,NORTHERN,NONE,GEARY BL / LAGUNA ST,-122.427991151911,37.7849531241612,"(37.7849531241612, -122.427991151911)",14073428606244
140734634,MISSING PERSON,MISSING JUVENILE,Sunday,08/31/2014,20:36,INGLESIDE,NONE,100 Block of PERSIA AV,-122.434764286692,37.7226161363136,"(37.7226161363136, -122.434764286692)",14073463474010
146177644,LARCENY/THEFT,GRAND THEFT FROM UNLOCKED AUTO,Sunday,08/31/2014,20:30,SOUTHERN,NONE,800 Block of BRYANT ST,-122.403404791479,37.775420706711,"(37.775420706711, -122.403404791479)",14617764406224
146177713,LARCENY/THEFT,GRAND THEFT FROM UNLOCKED AUTO,Sunday,08/31/2014,20:30,SOUTHERN,NONE,800 Block of BRYANT ST,-122.403404791479,37.775420706711,"(37.775420706711, -122.403404791479)",14617771306224
140734242,LARCENY/THEFT,GRAND THEFT FROM UNLOCKED AUTO,Sunday,08/31/2014,20:30,CENTRAL,NONE,HYDE ST / CALIFORNIA ST,-122.417392830334,37.7909741243591,"(37.7909741243591, -122.417392830334)",14073424206224
140733830,LARCENY/THEFT,PETTY THEFT BICYCLE,Sunday,08/31/2014,20:27,NORTHERN,NONE,1600 Block of POLK ST,-122.420896415028,37.7919567788031,"(37.7919567788031, -122.420896415028)",14073383006313
140734208,LARCENY/THEFT,GRAND THEFT FROM LOCKED AUTO,Sunday,08/31/2014,20:25,SOUTHERN,NONE,BRANNAN ST / 3RD ST,-122.394304475194,37.7800905305924,"(37.7800905305924, -122.394304475194)",14073420806244
140735187,LARCENY/THEFT,GRAND THEFT FROM LOCKED AUTO,Sunday,08/31/2014,20:25,NORTHERN,NONE,GEARY BL / VANNESS AV,-122.421395819115,37.7856843389472,"(37.7856843389472, -122.421395819115)",14073518706244
140733921,LARCENY/THEFT,GRAND THEFT FROM LOCKED AUTO,Sunday,08/31/2014,20:20,MISSION,NONE,400 Block of SANCHEZ ST,-122.430625527042,37.7624209454461,"(37.7624209454461, -122.430625527042)",14073392106244
146178943,LARCENY/THEFT,GRAND THEFT FROM LOCKED AUTO,Sunday,08/31/2014,20:20,INGLESIDE,NONE,1800 Block of ALEMANY BL,-122.43745017842,37.7233086689046,"(37.7233086689046, -122.43745017842)",14617894306244
140733818,LARCENY/THEFT,PETTY THEFT OF PROPERTY,Sunday,08/31/2014,20:15,MISSION,NONE,500 Block of CASTRO ST,-122.434994783089,37.7600697106567,"(37.7600697106567, -122.434994783089)",14073381806371
140734402,LARCENY/THEFT,GRAND THEFT FROM LOCKED AUTO,Sunday,08/31/2014,20:15,MISSION,NONE,3100 Block of 20TH ST,-122.412054495267,37.7591103340314,"(37.7591103340314, -122.412054495267)",14073440206244
140742245,LARCENY/THEFT,PETTY THEFT FROM LOCKED AUTO,Sunday,08/31/2014,20:14,TARAVAL,NONE,1400 Block of 24TH AV,-122.482354452198,37.7605090976879,"(37.7605090976879, -122.482354452198)",14074224506242
140733777,ASSAULT,AGGRAVATED ASSAULT WITH BODILY FORCE,Sunday,08/31/2014,20:05,MISSION,NONE,2300 Block of MARKET ST,-122.43403618214,37.7632941952462,"(37.7632941952462, -122.43403618214)",14073377704014
140775688,NON-CRIMINAL,CASE CLOSURE,Sunday,08/31/2014,20:00,MISSION,DISTRICT ATTORNEY REFUSES TO PROSECUTE,3500 Block of 22ND ST,-122.426040661383,37.7549408890073,"(37.7549408890073, -122.426040661383)",14077568875030
140741128,SUSPICIOUS OCC,SUSPICIOUS OCCURRENCE,Sunday,08/31/2014,20:00,RICHMOND,NONE,4300 Block of CALIFORNIA ST,-122.464048583692,37.7851164846517,"(37.7851164846517, -122.464048583692)",14074112864070
146185669,LARCENY/THEFT,GRAND THEFT FROM LOCKED AUTO,Sunday,08/31/2014,20:00,SOUTHERN,NONE,800 Block of BRYANT ST,-122.403404791479,37.775420706711,"(37.775420706711, -122.403404791479)",14618566906244
146177359,LARCENY/THEFT,GRAND THEFT FROM LOCKED AUTO,Sunday,08/31/2014,20:00,MISSION,NONE,CHURCH ST / 18TH ST,-122.428355366652,37.7612577113414,"(37.7612577113414, -122.428355366652)",14617735906244
140733868,LARCENY/THEFT,PETTY THEFT FROM LOCKED AUTO,Sunday,08/31/2014,20:00,MISSION,NONE,17TH ST / VALENCIA ST,-122.421733767763,37.7632996945938,"(37.7632996945938, -122.421733767763)",14073386806243
146179076,LARCENY/THEFT,GRAND THEFT FROM LOCKED AUTO,Sunday,08/31/2014,20:00,INGLESIDE,NONE,DUNCAN ST / CHURCH ST,-122.426893025867,37.7460993424887,"(37.7460993424887, -122.426893025867)",14617907606244
140775688,SUSPICIOUS OCC,SUSPICIOUS OCCURRENCE,Sunday,08/31/2014,20:00,MISSION,DISTRICT ATTORNEY REFUSES TO PROSECUTE,3500 Block of 22ND ST,-122.426040661383,37.7549408890073,"(37.7549408890073, -122.426040661383)",14077568864070
146177898,LARCENY/THEFT,GRAND THEFT FROM UNLOCKED AUTO,Sunday,08/31/2014,19:45,SOUTHERN,NONE,500 Block of 9TH ST,-122.407702149718,37.7706967930865,"(37.7706967930865, -122.407702149718)",14617789806224
140733783,LARCENY/THEFT,PETTY THEFT FROM A BUILDING,Sunday,08/31/2014,19:40,CENTRAL,NONE,0 Block of MONTGOMERY ST,-122.402163713618,37.7895710255863,"(37.7895710255863, -122.402163713618)",14073378306301
140733937,ASSAULT,AGGRAVATED ASSAULT WITH A DEADLY WEAPON,Sunday,08/31/2014,19:40,NORTHERN,NONE,SOUTH VAN NESS AV / MARKET ST,-122.419257894814,37.7751462916539,"(37.7751462916539, -122.419257894814)",14073393704013
140733937,ASSAULT,BATTERY,Sunday,08/31/2014,19:40,NORTHERN,NONE,SOUTH VAN NESS AV / MARKET ST,-122.419257894814,37.7751462916539,"(37.7751462916539, -122.419257894814)",14073393704134
140735397,ASSAULT,BATTERY,Sunday,08/31/2014,19:30,SOUTHERN,NONE,800 Block of BRYANT ST,-122.403404791479,37.775420706711,"(37.775420706711, -122.403404791479)",14073539704134
140735717,LARCENY/THEFT,PETTY THEFT FROM UNLOCKED AUTO,Sunday,08/31/2014,19:30,TARAVAL,NONE,3400 Block of LINCOLN WY,-122.494940938492,37.7645601741607,"(37.7645601741607, -122.494940938492)",14073571706222
146177995,LARCENY/THEFT,PETTY THEFT OF PROPERTY,Sunday,08/31/2014,19:30,BAYVIEW,NONE,22ND ST / 3RD ST,-122.388318045049,37.757939423202,"(37.757939423202, -122.388318045049)",14617799506372
140733670,ASSAULT,THREATS AGAINST LIFE,Sunday,08/31/2014,19:17,SOUTHERN,"ARREST, BOOKED",800 Block of BRYANT ST,-122.403404791479,37.775420706711,"(37.775420706711, -122.403404791479)",14073367019057
140733670,OTHER OFFENSES,RESISTING ARREST,Sunday,08/31/2014,19:17,SOUTHERN,"ARREST, BOOKED",800 Block of BRYANT ST,-122.403404791479,37.775420706711,"(37.775420706711, -122.403404791479)",14073367027170
146179242,NON-CRIMINAL,LOST PROPERTY,Sunday,08/31/2014,19:00,NORTHERN,NONE,CALIFORNIA ST / FRANKLIN ST,-122.423976158276,37.7901609310159,"(37.7901609310159, -122.423976158276)",14617924271000
140733727,OTHER OFFENSES,MISCELLANEOUS INVESTIGATION,Sunday,08/31/2014,19:00,INGLESIDE,NONE,200 Block of EDINBURGH ST,-122.429137822416,37.7251352806915,"(37.7251352806915, -122.429137822416)",14073372768020
140734032,LARCENY/THEFT,PETTY THEFT FROM A BUILDING,Sunday,08/31/2014,19:00,NORTHERN,NONE,2200 Block of VANNESS AV,-122.423682814338,37.7962046209564,"(37.7962046209564, -122.423682814338)",14073403206302
140734775,VEHICLE THEFT,STOLEN AUTOMOBILE,Sunday,08/31/2014,19:00,TARAVAL,NONE,1600 Block of 41ST AV,-122.500306742828,37.7559697150676,"(37.7559697150676, -122.500306742828)",14073477507021
146178498,LARCENY/THEFT,GRAND THEFT OF PROPERTY,Sunday,08/31/2014,19:00,SOUTHERN,NONE,800 Block of BRYANT ST,-122.403404791479,37.775420706711,"(37.775420706711, -122.403404791479)",14617849806374
140735018,VEHICLE THEFT,STOLEN AUTOMOBILE,Sunday,08/31/2014,19:00,NORTHERN,NONE,1200 Block of LARKIN ST,-122.418728220008,37.7896115166626,"(37.7896115166626, -122.418728220008)",14073501807021
140738125,LARCENY/THEFT,PETTY THEFT BICYCLE,Sunday,08/31/2014,19:00,NORTHERN,NONE,2200 Block of VANNESS AV,-122.423682814338,37.7962046209564,"(37.7962046209564, -122.423682814338)",14073812506313
140734571,VEHICLE THEFT,STOLEN AUTOMOBILE,Sunday,08/31/2014,19:00,INGLESIDE,NONE,30TH ST / MISSION ST,-122.421970919029,37.7423752245255,"(37.7423752245255, -122.421970919029)",14073457107021
140736016,VEHICLE THEFT,STOLEN AUTOMOBILE,Sunday,08/31/2014,19:00,NORTHERN,NONE,BAY ST / DIVISADERO ST,-122.443225963544,37.8018383058644,"(37.8018383058644, -122.443225963544)",14073601607021
140733642,DRUG/NARCOTIC,POSSESSION OF METH-AMPHETAMINE,Sunday,08/31/2014,18:51,RICHMOND,"ARREST, BOOKED",MARTIN LUTHER KING JR DR / 25TH AV,-122.482372245817,37.7667702165366,"(37.7667702165366, -122.482372245817)",14073364216650
140733642,WARRANTS,ENROUTE TO DEPARTMENT OF CORRECTIONS,Sunday,08/31/2014,18:51,RICHMOND,"ARREST, BOOKED",MARTIN LUTHER KING JR DR / 25TH AV,-122.482372245817,37.7667702165366,"(37.7667702165366, -122.482372245817)",14073364262020
140733642,WARRANTS,WARRANT ARREST,Sunday,08/31/2014,18:51,RICHMOND,"ARREST, BOOKED",MARTIN LUTHER KING JR DR / 25TH AV,-122.482372245817,37.7667702165366,"(37.7667702165366, -122.482372245817)",14073364263010
140733636,NON-CRIMINAL,FOUND PROPERTY,Sunday,08/31/2014,18:50,SOUTHERN,NONE,800 Block of BRYANT ST,-122.403404791479,37.775420706711,"(37.775420706711, -122.403404791479)",14073363672000
140733595,OTHER OFFENSES,RESISTING ARREST,Sunday,08/31/2014,18:45,SOUTHERN,"ARREST, CITED",500 Block of STEVENSON ST,-122.410793915482,37.780832063096,"(37.780832063096, -122.410793915482)",14073359527170
140733595,OTHER OFFENSES,TRAFFIC VIOLATION ARREST,Sunday,08/31/2014,18:45,SOUTHERN,"ARREST, CITED",500 Block of STEVENSON ST,-122.410793915482,37.780832063096,"(37.780832063096, -122.410793915482)",14073359565010
146178040,LARCENY/THEFT,PETTY THEFT OF PROPERTY,Sunday,08/31/2014,18:45,CENTRAL,NONE,TAYLOR ST / NORTHPOINT ST,-122.415435473094,37.8063418891813,"(37.8063418891813, -122.415435473094)",14617804006372
146178294,LARCENY/THEFT,GRAND THEFT FROM LOCKED AUTO,Sunday,08/31/2014,18:45,CENTRAL,NONE,GRANT AV / NORTHPOINT ST,-122.408899279016,37.8071620563289,"(37.8071620563289, -122.408899279016)",14617829406244
140733880,SUSPICIOUS OCC,INVESTIGATIVE DETENTION,Sunday,08/31/2014,18:38,INGLESIDE,NONE,ALEMANY BL / FARRAGUT AV,-122.451954177946,37.7120558827519,"(37.7120558827519, -122.451954177946)",14073388064085
140733880,WEAPON LAWS,EXHIBITING DEADLY WEAPON IN A THREATING MANNER,Sunday,08/31/2014,18:38,INGLESIDE,NONE,ALEMANY BL / FARRAGUT AV,-122.451954177946,37.7120558827519,"(37.7120558827519, -122.451954177946)",14073388012030
140736066,VEHICLE THEFT,STOLEN AUTOMOBILE,Sunday,08/31/2014,18:30,PARK,NONE,200 Block of STATES ST,-122.439088669509,37.7634139962541,"(37.7634139962541, -122.439088669509)",14073606607021
140733551,ROBBERY,ROBBERY OF A CHAIN STORE WITH BODILY FORCE,Sunday,08/31/2014,18:18,CENTRAL,"ARREST, BOOKED",300 Block of POWELL ST,-122.408384275542,37.7878271137225,"(37.7878271137225, -122.408384275542)",14073355103044
140733539,SUSPICIOUS OCC,INVESTIGATIVE DETENTION,Sunday,08/31/2014,18:05,NORTHERN,"ARREST, BOOKED",LARKIN ST / OFARRELL ST,-122.417903977564,37.7851670875517,"(37.7851670875517, -122.417903977564)",14073353964085
140733539,DRUG/NARCOTIC,POSSESSION OF COCAINE,Sunday,08/31/2014,18:05,NORTHERN,"ARREST, BOOKED",LARKIN ST / OFARRELL ST,-122.417903977564,37.7851670875517,"(37.7851670875517, -122.417903977564)",14073353916620
140733874,LARCENY/THEFT,PETTY THEFT FROM LOCKED AUTO,Sunday,08/31/2014,18:00,SOUTHERN,NONE,500 Block of 10TH ST,-122.408866413474,37.7697367127388,"(37.7697367127388, -122.408866413474)",14073387406243
146177343,LARCENY/THEFT,GRAND THEFT FROM LOCKED AUTO,Sunday,08/31/2014,18:00,MISSION,NONE,200 Block of DIVISION ST,-122.407449023036,37.7693261108291,"(37.7693261108291, -122.407449023036)",14617734306244
146177854,LARCENY/THEFT,GRAND THEFT FROM LOCKED AUTO,Sunday,08/31/2014,18:00,SOUTHERN,NONE,800 Block of BRYANT ST,-122.403404791479,37.775420706711,"(37.775420706711, -122.403404791479)",14617785406244
140733846,LARCENY/THEFT,GRAND THEFT FROM LOCKED AUTO,Sunday,08/31/2014,18:00,NORTHERN,NONE,700 Block of FELL ST,-122.43021538564,37.7750592504093,"(37.7750592504093, -122.43021538564)",14073384606244
140735535,VEHICLE THEFT,STOLEN AUTOMOBILE,Sunday,08/31/2014,18:00,TARAVAL,NONE,2600 Block of SAN JOSE AV,-122.449918138147,37.7166111509064,"(37.7166111509064, -122.449918138147)",14073553507021
140736163,VEHICLE THEFT,STOLEN AUTOMOBILE,Sunday,08/31/2014,18:00,BAYVIEW,NONE,1500 Block of PALOU AV,-122.389979849085,37.7335216083743,"(37.7335216083743, -122.389979849085)",14073616307021
140756581,VEHICLE THEFT,STOLEN AUTOMOBILE,Sunday,08/31/2014,18:00,INGLESIDE,NONE,600 Block of HURON AV,-122.448431384674,37.7128793326315,"(37.7128793326315, -122.448431384674)",14075658107021
140733545,ROBBERY,ROBBERY ON THE STREET WITH A KNIFE,Sunday,08/31/2014,17:50,MISSION,NONE,500 Block of DOLORES ST,-122.426036566526,37.759419804663,"(37.759419804663, -122.426036566526)",14073354503012
140733432,DRUG/NARCOTIC,POSSESSION OF NARCOTICS PARAPHERNALIA,Sunday,08/31/2014,17:49,MISSION,"ARREST, BOOKED",16TH ST / MISSION ST,-122.419671780296,37.7650501214668,"(37.7650501214668, -122.419671780296)",14073343216710
140733432,WARRANTS,WARRANT ARREST,Sunday,08/31/2014,17:49,MISSION,"ARREST, BOOKED",16TH ST / MISSION ST,-122.419671780296,37.7650501214668,"(37.7650501214668, -122.419671780296)",14073343263010
140733432,DRUG/NARCOTIC,POSSESSION OF METH-AMPHETAMINE,Sunday,08/31/2014,17:49,MISSION,"ARREST, BOOKED",16TH ST / MISSION ST,-122.419671780296,37.7650501214668,"(37.7650501214668, -122.419671780296)",14073343216650
140733692,LARCENY/THEFT,GRAND THEFT PICKPOCKET,Sunday,08/31/2014,17:45,SOUTHERN,NONE,0 Block of THE EMBARCADEROSOUTH ST,-122.388379873919,37.7833104067015,"(37.7833104067015, -122.388379873919)",14073369206113
140733517,LARCENY/THEFT,GRAND THEFT PICKPOCKET,Sunday,08/31/2014,17:37,TENDERLOIN,NONE,GEARY ST / POWELL ST,-122.408231026261,37.787359494956,"(37.787359494956, -122.408231026261)",14073351706111
140733410,OTHER OFFENSES,SPEEDING,Sunday,08/31/2014,17:21,TARAVAL,"ARREST, CITED",100 Block of LOBOS ST,-122.45758514144,37.7148630090118,"(37.7148630090118, -122.45758514144)",14073341065030
140733410,OTHER OFFENSES,OPERATING TAXI WITHOUT A PERMIT,Sunday,08/31/2014,17:21,TARAVAL,"ARREST, CITED",100 Block of LOBOS ST,-122.45758514144,37.7148630090118,"(37.7148630090118, -122.45758514144)",14073341030090
140733379,NON-CRIMINAL,AIDED CASE -PROPERTY FOR DESTRUCTION,Sunday,08/31/2014,17:00,BAYVIEW,NONE,200 Block of WILLIAMS AV,-122.397744427103,37.7299346936044,"(37.7299346936044, -122.397744427103)",14073337951041
140733608,LARCENY/THEFT,PETTY THEFT FROM A BUILDING,Sunday,08/31/2014,17:00,SOUTHERN,NONE,0 Block of SOUTH VAN NESS AV,-122.418338317697,37.7726641818375,"(37.7726641818375, -122.418338317697)",14073360806302
140735080,LARCENY/THEFT,PETTY THEFT FROM LOCKED AUTO,Sunday,08/31/2014,17:00,NORTHERN,NONE,3000 Block of BRODERICK ST,-122.444298546013,37.798344648266,"(37.798344648266, -122.444298546013)",14073508006241
140735789,LARCENY/THEFT,PETTY THEFT FROM UNLOCKED AUTO,Sunday,08/31/2014,17:00,TARAVAL,NONE,1800 Block of 25TH AV,-122.482764149891,37.75301021474,"(37.75301021474, -122.482764149891)",14073578906223
140736925,NON-CRIMINAL,LOST PROPERTY,Sunday,08/31/2014,17:00,CENTRAL,NONE,1600 Block of THE EMBARCADERONORTH ST,-122.410774214375,37.8084350175869,"(37.8084350175869, -122.410774214375)",14073692571000
146181435,LARCENY/THEFT,GRAND THEFT FROM LOCKED AUTO,Sunday,08/31/2014,17:00,INGLESIDE,NONE,100 Block of KELLOCH AV,-122.41338600281,37.7089951218333,"(37.7089951218333, -122.41338600281)",14618143506244
146183704,LARCENY/THEFT,GRAND THEFT FROM UNLOCKED AUTO,Sunday,08/31/2014,17:00,CENTRAL,NONE,200 Block of BAY ST,-122.411156854389,37.8059786528897,"(37.8059786528897, -122.411156854389)",14618370406224
146177917,LARCENY/THEFT,GRAND THEFT FROM LOCKED AUTO,Sunday,08/31/2014,17:00,SOUTHERN,NONE,TOWNSEND ST / 5TH ST,-122.397207764774,37.7753329097568,"(37.7753329097568, -122.397207764774)",14617791706244
140735820,NON-CRIMINAL,LOST PROPERTY,Sunday,08/31/2014,17:00,NORTHERN,NONE,VANNESS AV / LOMBARD ST,-122.424541870484,37.8013041477981,"(37.8013041477981, -122.424541870484)",14073582071000
140737503,NON-CRIMINAL,LOST PROPERTY,Sunday,08/31/2014,17:00,MISSION,NONE,CASTRO ST / 19TH ST,-122.434853955762,37.7592887891683,"(37.7592887891683, -122.434853955762)",14073750371000
140733482,MISSING PERSON,MISSING ADULT,Sunday,08/31/2014,16:52,NORTHERN,NONE,400 Block of DUBOCE AV,-122.429532928955,37.7693759323628,"(37.7693759323628, -122.429532928955)",14073348274000
140733482,MISSING PERSON,FOUND PERSON,Sunday,08/31/2014,16:52,NORTHERN,NONE,400 Block of DUBOCE AV,-122.429532928955,37.7693759323628,"(37.7693759323628, -122.429532928955)",14073348275000
146182239,LARCENY/THEFT,PETTY THEFT OF PROPERTY,Sunday,08/31/2014,16:35,MISSION,NONE,1800 Block of FOLSOM ST,-122.415605496237,37.7677177520665,"(37.7677177520665, -122.415605496237)",14618223906372
140733329,OTHER OFFENSES,FALSE PERSONATION,Sunday,08/31/2014,16:30,TENDERLOIN,"ARREST, BOOKED",100 Block of MASON ST,-122.40947349732,37.784816365102,"(37.784816365102, -122.40947349732)",14073332909027
146177008,LARCENY/THEFT,PETTY THEFT OF PROPERTY,Sunday,08/31/2014,16:30,CENTRAL,NONE,100 Block of JACKSON ST,-122.398919477596,37.796953574467,"(37.796953574467, -122.398919477596)",14617700806372
140733329,WARRANTS,ENROUTE TO OUTSIDE JURISDICTION,Sunday,08/31/2014,16:30,TENDERLOIN,"ARREST, BOOKED",100 Block of MASON ST,-122.40947349732,37.784816365102,"(37.784816365102, -122.40947349732)",14073332962050
140733761,LARCENY/THEFT,PETTY THEFT FROM LOCKED AUTO,Sunday,08/31/2014,16:30,INGLESIDE,NONE,900 Block of HAMILTON ST,-122.406893832735,37.7195778124637,"(37.7195778124637, -122.406893832735)",14073376106242
146177365,LARCENY/THEFT,GRAND THEFT FROM LOCKED AUTO,Sunday,08/31/2014,16:30,MISSION,NONE,LAPIDGE ST / 19TH ST,-122.422258653481,37.7600497652809,"(37.7600497652809, -122.422258653481)",14617736506244
140735494,LARCENY/THEFT,GRAND THEFT FROM LOCKED AUTO,Sunday,08/31/2014,16:30,MISSION,NONE,22ND ST / SHOTWELL ST,-122.415473931513,37.7556332979322,"(37.7556332979322, -122.415473931513)",14073549406244
140733313,WEAPON LAWS,CARRYING A CONCEALED WEAPON,Sunday,08/31/2014,16:29,BAYVIEW,JUVENILE BOOKED,0 Block of WILLS ST,-122.378902736531,37.7361907674431,"(37.7361907674431, -122.378902736531)",14073331312015
140733313,WEAPON LAWS,POSS OF LOADED FIREARM,Sunday,08/31/2014,16:29,BAYVIEW,JUVENILE BOOKED,0 Block of WILLS ST,-122.378902736531,37.7361907674431,"(37.7361907674431, -122.378902736531)",14073331312100
140733313,SECONDARY CODES,GANG ACTIVITY,Sunday,08/31/2014,16:29,BAYVIEW,JUVENILE BOOKED,0 Block of WILLS ST,-122.378902736531,37.7361907674431,"(37.7361907674431, -122.378902736531)",14073331319400
140733501,LARCENY/THEFT,PETTY THEFT SHOPLIFTING,Sunday,08/31/2014,16:25,SOUTHERN,"ARREST, CITED",700 Block of MISSION ST,-122.403070000847,37.7852686309087,"(37.7852686309087, -122.403070000847)",14073350106362
140733335,ASSAULT,INFLICT INJURY ON COHABITEE,Sunday,08/31/2014,16:15,MISSION,"ARREST, BOOKED",BRYANT ST / ALAMEDA ST,-122.410731476956,37.7681785365421,"(37.7681785365421, -122.410731476956)",14073333515040
140733294,MISSING PERSON,MISSING JUVENILE,Sunday,08/31/2014,16:10,MISSION,LOCATED,900 Block of POTRERO AV,-122.406604919508,37.7571580431915,"(37.7571580431915, -122.406604919508)",14073329474010
140733294,MISSING PERSON,FOUND PERSON,Sunday,08/31/2014,16:10,MISSION,LOCATED,900 Block of POTRERO AV,-122.406604919508,37.7571580431915,"(37.7571580431915, -122.406604919508)",14073329475000
140737058,MISSING PERSON,MISSING ADULT,Sunday,08/31/2014,16:00,SOUTHERN,NONE,0 Block of MOSS ST,-122.407999186749,37.7778241673064,"(37.7778241673064, -122.407999186749)",14073705874000
146178567,LARCENY/THEFT,GRAND THEFT FROM LOCKED AUTO,Sunday,08/31/2014,16:00,PARK,NONE,4100 Block of 17TH ST,-122.437875160632,37.7622679654099,"(37.7622679654099, -122.437875160632)",14617856706244
140733341,LARCENY/THEFT,PETTY THEFT FROM LOCKED AUTO,Sunday,08/31/2014,16:00,CENTRAL,NONE,CHESTNUT ST / HYDE ST,-122.419799431133,37.8029252064148,"(37.8029252064148, -122.419799431133)",14073334106243
140734054,NON-CRIMINAL,FOUND PROPERTY,Sunday,08/31/2014,16:00,RICHMOND,NONE,8TH AV / CABRILLO ST,-122.466018767964,37.7752712188818,"(37.7752712188818, -122.466018767964)",14073405472000
140733852,NON-CRIMINAL,LOST PROPERTY,Sunday,08/31/2014,15:30,CENTRAL,NONE,200 Block of GEARY ST,-122.407434989523,37.7875158741623,"(37.7875158741623, -122.407434989523)",14073385271000
140735137,LARCENY/THEFT,PETTY THEFT FROM UNLOCKED AUTO,Sunday,08/31/2014,15:00,TARAVAL,NONE,1800 Block of 25TH AV,-122.482764149891,37.75301021474,"(37.75301021474, -122.482764149891)",14073513706222
140735109,VEHICLE THEFT,STOLEN TRUCK,Sunday,08/31/2014,15:00,TARAVAL,NONE,1800 Block of 25TH AV,-122.482764149891,37.75301021474,"(37.75301021474, -122.482764149891)",14073510907025
140733153,OTHER OFFENSES,TRAFFIC VIOLATION ARREST,Sunday,08/31/2014,15:00,NORTHERN,"ARREST, CITED",POLK ST / CLAY ST,-122.421056878203,37.7923840813812,"(37.7923840813812, -122.421056878203)",14073315365010
146179208,LARCENY/THEFT,GRAND THEFT FROM LOCKED AUTO,Sunday,08/31/2014,15:00,NORTHERN,NONE,1400 Block of PINE ST,-122.419694813697,37.7897774160756,"(37.7897774160756, -122.419694813697)",14617920806244
140742029,ASSAULT,THREATS AGAINST LIFE,Sunday,08/31/2014,14:47,BAYVIEW,NONE,1500 Block of KIRKWOOD AV,-122.388798895151,37.7375755833256,"(37.7375755833256, -122.388798895151)",14074202919057
146176878,LARCENY/THEFT,GRAND THEFT FROM LOCKED AUTO,Sunday,08/31/2014,14:42,NORTHERN,NONE,PINE ST / VANNESS AV,-122.422139511488,37.7894107633457,"(37.7894107633457, -122.422139511488)",14617687806244
146176630,LARCENY/THEFT,PETTY THEFT OF PROPERTY,Sunday,08/31/2014,14:30,TARAVAL,NONE,0 Block of YERBABUENA AV,-122.46443122879,37.737783402846,"(37.737783402846, -122.46443122879)",14617663006372
146177218,LARCENY/THEFT,GRAND THEFT FROM LOCKED AUTO,Sunday,08/31/2014,14:30,CENTRAL,NONE,COLUMBUS AV / JACKSON ST,-122.404417620748,37.7963018735739,"(37.7963018735739, -122.404417620748)",14617721806244
140748174,NON-CRIMINAL,LOST PROPERTY,Sunday,08/31/2014,14:30,NORTHERN,NONE,FILLMORE ST / SACRAMENTO ST,-122.434029993693,37.7898371293525,"(37.7898371293525, -122.434029993693)",14074817471000
140733147,NON-CRIMINAL,SEARCH WARRANT SERVICE,Sunday,08/31/2014,14:16,SOUTHERN,"ARREST, BOOKED",800 Block of BRYANT ST,-122.403404791479,37.775420706711,"(37.775420706711, -122.403404791479)",14073314775025
140733147,ASSAULT,AGGRAVATED ASSAULT WITH A GUN,Sunday,08/31/2014,14:16,SOUTHERN,"ARREST, BOOKED",800 Block of BRYANT ST,-122.403404791479,37.775420706711,"(37.775420706711, -122.403404791479)",14073314704011
140733147,ASSAULT,ATTEMPTED HOMICIDE WITH A GUN,Sunday,08/31/2014,14:16,SOUTHERN,"ARREST, BOOKED",800 Block of BRYANT ST,-122.403404791479,37.775420706711,"(37.775420706711, -122.403404791479)",14073314704021
140733147,NON-CRIMINAL,PROPERTY FOR IDENTIFICATION,Sunday,08/31/2014,14:16,SOUTHERN,"ARREST, BOOKED",800 Block of BRYANT ST,-122.403404791479,37.775420706711,"(37.775420706711, -122.403404791479)",14073314773000
140733307,VEHICLE THEFT,STOLEN AUTOMOBILE,Sunday,08/31/2014,14:10,TARAVAL,NONE,MORAGA ST / 47TH AV,-122.506603059488,37.7547817026097,"(37.7547817026097, -122.506603059488)",14073330707021
140733103,OTHER OFFENSES,PROBATION VIOLATION,Sunday,08/31/2014,14:05,SOUTHERN,"ARREST, BOOKED",0 Block of UNITEDNATIONS PZ,-122.414317857881,37.7799444052046,"(37.7799444052046, -122.414317857881)",14073310326170
146177650,LARCENY/THEFT,GRAND THEFT OF PROPERTY,Sunday,08/31/2014,14:00,RICHMOND,NONE,500 Block of JOHNFKENNEDY DR,-122.466204667893,37.7725405391593,"(37.7725405391593, -122.466204667893)",14617765006374
146177371,LARCENY/THEFT,PETTY THEFT OF PROPERTY,Sunday,08/31/2014,14:00,MISSION,NONE,20TH ST / DOLORES ST,-122.425768246873,37.7582261992584,"(37.7582261992584, -122.425768246873)",14617737106372
140733034,SUSPICIOUS OCC,INVESTIGATIVE DETENTION,Sunday,08/31/2014,13:41,SOUTHERN,NONE,800 Block of BRYANT ST,-122.403404791479,37.775420706711,"(37.775420706711, -122.403404791479)",14073303464085
140860160,OTHER OFFENSES,FALSE PERSONATION,Sunday,08/31/2014,13:37,RICHMOND,NONE,400 Block of 6TH AV,-122.464279879446,37.7800332991006,"(37.7800332991006, -122.464279879446)",14086016009027
140733040,OTHER OFFENSES,RESISTING ARREST,Sunday,08/31/2014,13:34,TENDERLOIN,"ARREST, CITED",LEAVENWORTH ST / GOLDEN GATE AV,-122.413869632554,37.7818621883021,"(37.7818621883021, -122.413869632554)",14073304027170
140733040,OTHER OFFENSES,TRAFFIC VIOLATION ARREST,Sunday,08/31/2014,13:34,TENDERLOIN,"ARREST, CITED",LEAVENWORTH ST / GOLDEN GATE AV,-122.413869632554,37.7818621883021,"(37.7818621883021, -122.413869632554)",14073304065010
146178454,LARCENY/THEFT,GRAND THEFT FROM LOCKED AUTO,Sunday,08/31/2014,13:30,NORTHERN,NONE,MARKET ST / 9TH ST,-122.416293820935,37.777493677735,"(37.777493677735, -122.416293820935)",14617845406244
140733131,OTHER OFFENSES,FALSE PERSONATION,Sunday,08/31/2014,13:24,NORTHERN,NONE,1600 Block of JACKSON ST,-122.422253299565,37.7940917260344,"(37.7940917260344, -122.422253299565)",14073313109027
140733084,OTHER OFFENSES,RESISTING ARREST,Sunday,08/31/2014,13:11,SOUTHERN,"ARREST, CITED",800 Block of BRYANT ST,-122.403404791479,37.775420706711,"(37.775420706711, -122.403404791479)",14073308427170
146179264,LARCENY/THEFT,GRAND THEFT FROM LOCKED AUTO,Sunday,08/31/2014,13:00,NORTHERN,NONE,GEARY BL / GOUGH ST,-122.424688703591,37.7853339640306,"(37.7853339640306, -122.424688703591)",14617926406244
140733614,LARCENY/THEFT,PETTY THEFT FROM A BUILDING,Sunday,08/31/2014,13:00,SOUTHERN,NONE,500 Block of 9TH ST,-122.407801069192,37.7706199686035,"(37.7706199686035, -122.407801069192)",14073361406303
140733404,LARCENY/THEFT,GRAND THEFT BICYCLE,Sunday,08/31/2014,13:00,SOUTHERN,NONE,800 Block of 3RD ST,-122.391425069857,37.7778727797586,"(37.7778727797586, -122.391425069857)",14073340406314
146197852,NON-CRIMINAL,LOST PROPERTY,Sunday,08/31/2014,13:00,SOUTHERN,NONE,0 Block of 3RD ST,-122.402835528142,37.7868009028384,"(37.7868009028384, -122.402835528142)",14619785271000
146178921,LARCENY/THEFT,GRAND THEFT FROM LOCKED AUTO,Sunday,08/31/2014,13:00,INGLESIDE,NONE,GARRISON AV / SCHWERIN ST,-122.411968127281,37.7092121482901,"(37.7092121482901, -122.411968127281)",14617892106244
140742665,ASSAULT,BATTERY,Sunday,08/31/2014,12:51,INGLESIDE,NONE,900 Block of DUNCAN ST,-122.442155766765,37.7451850943238,"(37.7451850943238, -122.442155766765)",14074266504134
140733078,LARCENY/THEFT,GRAND THEFT FROM LOCKED AUTO,Sunday,08/31/2014,12:20,SOUTHERN,NONE,800 Block of BRYANT ST,-122.403404791479,37.775420706711,"(37.775420706711, -122.403404791479)",14073307806244
140732901,ASSAULT,BATTERY,Sunday,08/31/2014,12:19,INGLESIDE,"ARREST, BOOKED",0 Block of MORSE ST,-122.437469844324,37.7134528493947,"(37.7134528493947, -122.437469844324)",14073290104134
140732901,SECONDARY CODES,DOMESTIC VIOLENCE,Sunday,08/31/2014,12:19,INGLESIDE,"ARREST, BOOKED",0 Block of MORSE ST,-122.437469844324,37.7134528493947,"(37.7134528493947, -122.437469844324)",14073290115200
146176602,LARCENY/THEFT,GRAND THEFT FROM LOCKED AUTO,Sunday,08/31/2014,12:16,TARAVAL,NONE,1200 Block of 45TH AV,-122.505121700447,37.7632523230871,"(37.7632523230871, -122.505121700447)",14617660206244
140732923,MISSING PERSON,FOUND PERSON,Sunday,08/31/2014,12:12,MISSION,LOCATED,900 Block of POTRERO AV,-122.406604919508,37.7571580431915,"(37.7571580431915, -122.406604919508)",14073292375000
140732923,MISSING PERSON,MISSING JUVENILE,Sunday,08/31/2014,12:12,MISSION,LOCATED,900 Block of POTRERO AV,-122.406604919508,37.7571580431915,"(37.7571580431915, -122.406604919508)",14073292374010
140733090,LARCENY/THEFT,PETTY THEFT FROM LOCKED AUTO,Sunday,08/31/2014,12:10,CENTRAL,NONE,400 Block of STOCKTON ST,-122.406977563692,37.789918101686,"(37.789918101686, -122.406977563692)",14073309006243
140733523,VEHICLE THEFT,STOLEN AND RECOVERED VEHICLE,Sunday,08/31/2014,12:01,CENTRAL,NONE,600 Block of TAYLOR ST,-122.41185703254,37.7883235449904,"(37.7883235449904, -122.41185703254)",14073352307020
140733523,VEHICLE THEFT,STOLEN AUTOMOBILE,Sunday,08/31/2014,12:01,CENTRAL,NONE,600 Block of TAYLOR ST,-122.41185703254,37.7883235449904,"(37.7883235449904, -122.41185703254)",14073352307021
146181394,NON-CRIMINAL,LOST PROPERTY,Sunday,08/31/2014,12:00,NORTHERN,NONE,UNION ST / FRANKLIN ST,-122.425628239423,37.7983417291162,"(37.7983417291162, -122.425628239423)",14618139471000
140748538,ASSAULT,ELDER ADULT OR DEPENDENT ABUSE (NOT EMBEZZLEMENT OR THEFT),Sunday,08/31/2014,12:00,INGLESIDE,NONE,3800 Block of MISSION ST,-122.424519934269,37.7356945008365,"(37.7356945008365, -122.424519934269)",14074853815041
149013657,OTHER OFFENSES,FALSE PERSONATION TO RECEIVE MONEY OR PROPERTY,Sunday,08/31/2014,12:00,SOUTHERN,NONE,800 Block of BRYANT ST,-122.403404791479,37.775420706711,"(37.775420706711, -122.403404791479)",14901365709029
146178062,NON-CRIMINAL,LOST PROPERTY,Sunday,08/31/2014,12:00,CENTRAL,NONE,200 Block of BEACH ST,-122.413178958845,37.8076387530515,"(37.8076387530515, -122.413178958845)",14617806271000
140732832,ARSON,ARSON OF AN INHABITED DWELLING,Sunday,08/31/2014,12:00,NORTHERN,NONE,1100 Block of LAGUNA ST,-122.427415796369,37.7818107490445,"(37.7818107490445, -122.427415796369)",14073283226036
140783396,LARCENY/THEFT,PETTY THEFT FROM LOCKED AUTO,Sunday,08/31/2014,12:00,TARAVAL,NONE,2500 Block of 34TH AV,-122.491636522252,37.7395232193884,"(37.7395232193884, -122.491636522252)",14078339606242
140796377,OTHER OFFENSES,HARASSING PHONE CALLS,Sunday,08/31/2014,12:00,MISSION,NONE,900 Block of VALENCIA ST,-122.421085159058,37.7572895293911,"(37.7572895293911, -122.421085159058)",14079637728135
140732882,ASSAULT,BATTERY,Sunday,08/31/2014,11:57,SOUTHERN,NONE,0 Block of 6TH ST,-122.410041631816,37.7819536537257,"(37.7819536537257, -122.410041631816)",14073288204134
140802667,LARCENY/THEFT,PETTY THEFT FROM A BUILDING,Sunday,08/31/2014,11:45,BAYVIEW,NONE,400 Block of WOOLSEY ST,-122.406049453861,37.7242729303328,"(37.7242729303328, -122.406049453861)",14080266706303
140733169,ASSAULT,THREATS AGAINST LIFE,Sunday,08/31/2014,11:30,SOUTHERN,NONE,200 Block of THE EMBARCADEROSOUTH ST,-122.396374439116,37.7980532528058,"(37.7980532528058, -122.396374439116)",14073316919057
140733169,ASSAULT,INFLICT INJURY ON COHABITEE,Sunday,08/31/2014,11:30,SOUTHERN,NONE,200 Block of THE EMBARCADEROSOUTH ST,-122.396374439116,37.7980532528058,"(37.7980532528058, -122.396374439116)",14073316915040
140734800,NON-CRIMINAL,FOUND PROPERTY,Sunday,08/31/2014,11:30,MISSION,NONE,1200 Block of TREAT AV,-122.412692441179,37.7501577446795,"(37.7501577446795, -122.412692441179)",14073480072000
146177202,LARCENY/THEFT,GRAND THEFT FROM LOCKED AUTO,Sunday,08/31/2014,11:30,CENTRAL,NONE,SUTTER ST / STOCKTON ST,-122.406958660602,37.789434763004,"(37.789434763004, -122.406958660602)",14617720206244
146177387,LARCENY/THEFT,GRAND THEFT FROM LOCKED AUTO,Sunday,08/31/2014,11:30,MISSION,NONE,MISSION ST / 14TH ST,-122.419983447697,37.7682726763619,"(37.7682726763619, -122.419983447697)",14617738706244
140732779,NON-CRIMINAL,CASE CLOSURE,Sunday,08/31/2014,11:21,RICHMOND,NONE,6300 Block of GEARY BL,-122.487415459555,37.7798470223491,"(37.7798470223491, -122.487415459555)",14073277975030
140732779,NON-CRIMINAL,COURTESY REPORT,Sunday,08/31/2014,11:21,RICHMOND,NONE,6300 Block of GEARY BL,-122.487415459555,37.7798470223491,"(37.7798470223491, -122.487415459555)",14073277968030
146177729,LARCENY/THEFT,PETTY THEFT OF PROPERTY,Sunday,08/31/2014,11:00,CENTRAL,NONE,300 Block of THE EMBARCADERONORTH ST,-122.396374439116,37.7980532528058,"(37.7980532528058, -122.396374439116)",14617772906372
140736931,MISSING PERSON,MISSING JUVENILE,Sunday,08/31/2014,11:00,PARK,NONE,100 Block of BELVEDERE ST,-122.449328648219,37.7677738874748,"(37.7677738874748, -122.449328648219)",14073693174010
140732939,LARCENY/THEFT,PETTY THEFT FROM LOCKED AUTO,Sunday,08/31/2014,11:00,CENTRAL,NONE,0 Block of BATTERY ST,-122.399736004809,37.7917834029475,"(37.7917834029475, -122.399736004809)",14073293906242
140733896,LARCENY/THEFT,ATTEMPTED THEFT FROM LOCKED VEHICLE,Sunday,08/31/2014,11:00,BAYVIEW,NONE,23RD ST / ILLINOIS ST,-122.387067977547,37.7554460266182,"(37.7554460266182, -122.387067977547)",14073389606240
140738040,VEHICLE THEFT,STOLEN AUTOMOBILE,Sunday,08/31/2014,11:00,PARK,NONE,HENRY ST / NOE ST,-122.433333156075,37.7666617833785,"(37.7666617833785, -122.433333156075)",14073804007021
146177785,LARCENY/THEFT,GRAND THEFT FROM LOCKED AUTO,Sunday,08/31/2014,11:00,NORTHERN,NONE,600 Block of FILLMORE ST,-122.431038532157,37.7753861665924,"(37.7753861665924, -122.431038532157)",14617778506244
146177694,LARCENY/THEFT,GRAND THEFT FROM LOCKED AUTO,Sunday,08/31/2014,10:53,RICHMOND,NONE,3900 Block of WASHINGTON ST,-122.45832046205,37.7884855518078,"(37.7884855518078, -122.45832046205)",14617769406244
140732757,WARRANTS,WARRANT ARREST,Sunday,08/31/2014,10:43,MISSION,"ARREST, BOOKED",1100 Block of DOLORES ST,-122.424969355374,37.7514453042162,"(37.7514453042162, -122.424969355374)",14073275763010
146176884,LARCENY/THEFT,GRAND THEFT FROM LOCKED AUTO,Sunday,08/31/2014,10:30,NORTHERN,NONE,WASHINGTON ST / OCTAVIA ST,-122.427807851203,37.7924249809881,"(37.7924249809881, -122.427807851203)",14617688406244
140734327,VEHICLE THEFT,STOLEN AUTOMOBILE,Sunday,08/31/2014,10:30,INGLESIDE,NONE,200 Block of ATHENS ST,-122.426620759857,37.7239260565635,"(37.7239260565635, -122.426620759857)",14073432707021
146177111,LARCENY/THEFT,GRAND THEFT FROM UNLOCKED AUTO,Sunday,08/31/2014,10:30,CENTRAL,NONE,0 Block of BAY ST,-122.406429633461,37.8065688614525,"(37.8065688614525, -122.406429633461)",14617711106224
140732735,LARCENY/THEFT,GRAND THEFT FROM LOCKED AUTO,Sunday,08/31/2014,10:30,NORTHERN,NONE,FILLMORE ST / GOLDEN GATE AV,-122.431952436364,37.7795647498663,"(37.7795647498663, -122.431952436364)",14073273506244
140732597,NON-CRIMINAL,FOUND PROPERTY,Sunday,08/31/2014,10:25,RICHMOND,NONE,3500 Block of SACRAMENTO ST,-122.451129067631,37.7876027559274,"(37.7876027559274, -122.451129067631)",14073259772000
140777054,NON-CRIMINAL,LOST PROPERTY,Sunday,08/31/2014,10:00,SOUTHERN,NONE,MISSION ST / 4TH ST,-122.404270179486,37.7844788538745,"(37.7844788538745, -122.404270179486)",14077705471000
140732666,LARCENY/THEFT,GRAND THEFT FROM LOCKED AUTO,Sunday,08/31/2014,09:55,SOUTHERN,NONE,800 Block of BRYANT ST,-122.403404791479,37.775420706711,"(37.775420706711, -122.403404791479)",14073266606244
140732569,DRUG/NARCOTIC,POSSESSION OF CONTROLLED SUBSTANCE FOR SALE,Sunday,08/31/2014,09:40,CENTRAL,"ARREST, BOOKED",400 Block of BROADWAY ST,-122.405065483077,37.7980134745487,"(37.7980134745487, -122.405065483077)",14073256916662
140732569,ASSAULT,BATTERY,Sunday,08/31/2014,09:40,CENTRAL,"ARREST, BOOKED",400 Block of BROADWAY ST,-122.405065483077,37.7980134745487,"(37.7980134745487, -122.405065483077)",14073256904134
140732876,ASSAULT,ELDER ADULT OR DEPENDENT ABUSE (NOT EMBEZZLEMENT OR THEFT),Sunday,08/31/2014,09:25,TENDERLOIN,NONE,500 Block of ELLIS ST,-122.415414178631,37.784476659022,"(37.784476659022, -122.415414178631)",14073287615041
140732876,ASSAULT,BATTERY,Sunday,08/31/2014,09:25,TENDERLOIN,NONE,500 Block of ELLIS ST,-122.415414178631,37.784476659022,"(37.784476659022, -122.415414178631)",14073287604134
140732876,OTHER OFFENSES,MISCELLANEOUS STATE FELONY,Sunday,08/31/2014,09:25,TENDERLOIN,NONE,500 Block of ELLIS ST,-122.415414178631,37.784476659022,"(37.784476659022, -122.415414178631)",14073287626200
140732553,SUSPICIOUS OCC,INVESTIGATIVE DETENTION,Sunday,08/31/2014,09:24,TARAVAL,NONE,1700 Block of 46TH AV,-122.505537956642,37.7538767370501,"(37.7538767370501, -122.505537956642)",14073255364085
140732440,ASSAULT,INFLICT INJURY ON COHABITEE,Sunday,08/31/2014,08:54,NORTHERN,"ARREST, BOOKED",FILBERT ST / LAGUNA ST,-122.430749244465,37.7986480557575,"(37.7986480557575, -122.430749244465)",14073244015040
140732440,SECONDARY CODES,DOMESTIC VIOLENCE,Sunday,08/31/2014,08:54,NORTHERN,"ARREST, BOOKED",FILBERT ST / LAGUNA ST,-122.430749244465,37.7986480557575,"(37.7986480557575, -122.430749244465)",14073244015200
140732440,OTHER OFFENSES,VIOLATION OF MUNICIPAL CODE,Sunday,08/31/2014,08:54,NORTHERN,"ARREST, BOOKED",FILBERT ST / LAGUNA ST,-122.430749244465,37.7986480557575,"(37.7986480557575, -122.430749244465)",14073244030200
140732428,SECONDARY CODES,DOMESTIC VIOLENCE,Sunday,08/31/2014,08:50,INGLESIDE,"ARREST, BOOKED",400 Block of OXFORD ST,-122.418569269078,37.724372605069,"(37.724372605069, -122.418569269078)",14073242815200
140732428,OTHER OFFENSES,INJURY TO TELEGRAPH/TELEPHONE LINES,Sunday,08/31/2014,08:50,INGLESIDE,"ARREST, BOOKED",400 Block of OXFORD ST,-122.418569269078,37.724372605069,"(37.724372605069, -122.418569269078)",14073242826120
146177989,LARCENY/THEFT,GRAND THEFT FROM UNLOCKED AUTO,Sunday,08/31/2014,08:00,BAYVIEW,NONE,400 Block of 23RD ST,-122.384999937293,37.7555197453475,"(37.7555197453475, -122.384999937293)",14617798906224
140732575,SECONDARY CODES,DOMESTIC VIOLENCE,Sunday,08/31/2014,08:00,TARAVAL,"ARREST, BOOKED",1500 Block of 48TH AV,-122.507938390993,37.7575113493256,"(37.7575113493256, -122.507938390993)",14073257515200
140732638,LARCENY/THEFT,PETTY THEFT FROM A BUILDING,Sunday,08/31/2014,07:40,TENDERLOIN,NONE,300 Block of HYDE ST,-122.415910622743,37.7839999167561,"(37.7839999167561, -122.415910622743)",14073263806303
140759347,NON-CRIMINAL,SHELTER,Sunday,08/31/2014,07:30,BAYVIEW,NONE,0 Block of LATONA ST,-122.392627218053,37.7316182572491,"(37.7316182572491, -122.392627218053)",14075934729120
140732296,DRUG/NARCOTIC,POSSESSION OF CONTROLLED SUBSTANCE,Sunday,08/31/2014,07:19,TENDERLOIN,"ARREST, BOOKED",200 Block of HYDE ST,-122.415721688006,37.7830679886919,"(37.7830679886919, -122.415721688006)",14073229616660
140732296,OTHER OFFENSES,PROBATION VIOLATION,Sunday,08/31/2014,07:19,TENDERLOIN,"ARREST, BOOKED",200 Block of HYDE ST,-122.415721688006,37.7830679886919,"(37.7830679886919, -122.415721688006)",14073229626170
140732296,DRUG/NARCOTIC,POSSESSION OF METH-AMPHETAMINE,Sunday,08/31/2014,07:19,TENDERLOIN,"ARREST, BOOKED",200 Block of HYDE ST,-122.415721688006,37.7830679886919,"(37.7830679886919, -122.415721688006)",14073229616650
140811947,LARCENY/THEFT,PETTY THEFT OF PROPERTY,Sunday,08/31/2014,07:00,NORTHERN,NONE,100 Block of HAIGHT ST,-122.424641091359,37.7727894803653,"(37.7727894803653, -122.424641091359)",14081194706373
140811947,TRESPASS,TRESPASSING,Sunday,08/31/2014,07:00,NORTHERN,NONE,100 Block of HAIGHT ST,-122.424641091359,37.7727894803653,"(37.7727894803653, -122.424641091359)",14081194727195
140749558,ROBBERY,ROBBERY ON THE STREET WITH A DANGEROUS WEAPON,Sunday,08/31/2014,06:30,INGLESIDE,NONE,0 Block of ARLETA AV,-122.40366319182,37.7126960034611,"(37.7126960034611, -122.40366319182)",14074955803013
140732406,LARCENY/THEFT,GRAND THEFT FROM UNLOCKED AUTO,Sunday,08/31/2014,06:22,TARAVAL,NONE,2200 Block of 46TH AV,-122.504886966371,37.7445523823201,"(37.7445523823201, -122.504886966371)",14073240606224
140736668,MISSING PERSON,MISSING ADULT,Sunday,08/31/2014,06:00,BAYVIEW,NONE,800 Block of COLBY ST,-122.410173295656,37.7199272935428,"(37.7199272935428, -122.410173295656)",14073666874000
140732252,VEHICLE THEFT,STOLEN TRUCK,Sunday,08/31/2014,06:00,TARAVAL,NONE,400 Block of COUNTRYCLUB DR,-122.495037893898,37.7313204046194,"(37.7313204046194, -122.495037893898)",14073225207025
140732268,MISSING PERSON,MISSING JUVENILE,Sunday,08/31/2014,05:55,PARK,NONE,1200 Block of PAGE ST,-122.441393701114,37.7717273141771,"(37.7717273141771, -122.441393701114)",14073226874010
140732230,OTHER OFFENSES,MINOR PURCHASING OR RECEIVING TOBACCO PRODUCT,Sunday,08/31/2014,05:01,RICHMOND,JUVENILE BOOKED,300 Block of 5TH AV,-122.463348348807,37.7820081056628,"(37.7820081056628, -122.463348348807)",14073223015032
140732230,OTHER OFFENSES,FALSE EVIDENCE OF VEHICLE REGISTRATION,Sunday,08/31/2014,05:01,RICHMOND,JUVENILE BOOKED,300 Block of 5TH AV,-122.463348348807,37.7820081056628,"(37.7820081056628, -122.463348348807)",14073223007200
140732230,DRUG/NARCOTIC,POSSESSION OF CONTROLLED SUBSTANCE,Sunday,08/31/2014,05:01,RICHMOND,JUVENILE BOOKED,300 Block of 5TH AV,-122.463348348807,37.7820081056628,"(37.7820081056628, -122.463348348807)",14073223016660
140732230,OTHER OFFENSES,BEYOND PARENTAL CONTROL,Sunday,08/31/2014,05:01,RICHMOND,JUVENILE BOOKED,300 Block of 5TH AV,-122.463348348807,37.7820081056628,"(37.7820081056628, -122.463348348807)",14073223029010
140732230,DRUG/NARCOTIC,POSSESSION OF MARIJUANA,Sunday,08/31/2014,05:01,RICHMOND,JUVENILE BOOKED,300 Block of 5TH AV,-122.463348348807,37.7820081056628,"(37.7820081056628, -122.463348348807)",14073223016010
140732230,OTHER OFFENSES,TRAFFIC VIOLATION,Sunday,08/31/2014,05:01,RICHMOND,JUVENILE BOOKED,300 Block of 5TH AV,-122.463348348807,37.7820081056628,"(37.7820081056628, -122.463348348807)",14073223065015
140732230,OTHER OFFENSES,TRAFFIC VIOLATION ARREST,Sunday,08/31/2014,05:01,RICHMOND,JUVENILE BOOKED,300 Block of 5TH AV,-122.463348348807,37.7820081056628,"(37.7820081056628, -122.463348348807)",14073223065010
140732581,ROBBERY,ROBBERY ON THE STREET WITH A KNIFE,Sunday,08/31/2014,05:00,BAYVIEW,NONE,LANE ST / SHAFTER AV,-122.390729985082,37.7310386910994,"(37.7310386910994, -122.390729985082)",14073258103012
140732359,ASSAULT,AGGRAVATED ASSAULT WITH A DEADLY WEAPON,Sunday,08/31/2014,04:00,NORTHERN,NONE,2300 Block of BUCHANAN ST,-122.431073169007,37.7915687103002,"(37.7915687103002, -122.431073169007)",14073235904013
146176765,LARCENY/THEFT,PETTY THEFT OF PROPERTY,Sunday,08/31/2014,04:00,NORTHERN,NONE,400 Block of HAIGHT ST,-122.429644614552,37.7722642986091,"(37.7722642986091, -122.429644614552)",14617676506372
140732161,WARRANTS,ENROUTE TO OUTSIDE JURISDICTION,Sunday,08/31/2014,03:54,INGLESIDE,"ARREST, BOOKED",3900 Block of MISSION ST,-122.42588350725,37.7340533952742,"(37.7340533952742, -122.42588350725)",14073216162050
146176806,LARCENY/THEFT,GRAND THEFT FROM LOCKED AUTO,Sunday,08/31/2014,03:30,NORTHERN,NONE,0 Block of PIXLEY ST,-122.433319480669,37.7988548537278,"(37.7988548537278, -122.433319480669)",14617680606244
140732218,ASSAULT,ASSAULT,Sunday,08/31/2014,03:15,NORTHERN,NONE,FELL ST / GOUGH ST,-122.422791331024,37.7759512442749,"(37.7759512442749, -122.422791331024)",14073221804104
140732218,ASSAULT,THREATS AGAINST LIFE,Sunday,08/31/2014,03:15,NORTHERN,NONE,FELL ST / GOUGH ST,-122.422791331024,37.7759512442749,"(37.7759512442749, -122.422791331024)",14073221819057
140732218,OTHER OFFENSES,THROWING SUBSTANCE AT VEHICLE,Sunday,08/31/2014,03:15,NORTHERN,NONE,FELL ST / GOUGH ST,-122.422791331024,37.7759512442749,"(37.7759512442749, -122.422791331024)",14073221865070
140732183,VEHICLE THEFT,STOLEN TRUCK,Sunday,08/31/2014,03:10,CENTRAL,NONE,0 Block of BEACH ST,-122.409871154919,37.8079396293906,"(37.8079396293906, -122.409871154919)",14073218307025
140732763,LARCENY/THEFT,PETTY THEFT FROM A BUILDING,Sunday,08/31/2014,03:00,CENTRAL,NONE,700 Block of WASHINGTON ST,-122.405411518793,37.7953293080075,"(37.7953293080075, -122.405411518793)",14073276306303
140732688,LARCENY/THEFT,PETTY THEFT FROM LOCKED AUTO,Sunday,08/31/2014,03:00,CENTRAL,NONE,1300 Block of TAYLOR ST,-122.413032770969,37.7947762914457,"(37.7947762914457, -122.413032770969)",14073268806242
140733272,VEHICLE THEFT,STOLEN AUTOMOBILE,Sunday,08/31/2014,02:30,INGLESIDE,NONE,FOLSOM ST / PRECITA AV,-122.413574507108,37.7471706659606,"(37.7471706659606, -122.413574507108)",14073327207021
140732064,ASSAULT,INFLICT INJURY ON COHABITEE,Sunday,08/31/2014,02:15,RICHMOND,"ARREST, BOOKED",1400 Block of BALBOA ST,-122.474274444048,37.7768214938797,"(37.7768214938797, -122.474274444048)",14073206415040
140732092,ASSAULT,INFLICT INJURY ON COHABITEE,Sunday,08/31/2014,02:15,TARAVAL,"ARREST, BOOKED",500 Block of JOHNMUIR DR,-122.49206801734,37.7143615498756,"(37.7143615498756, -122.49206801734)",14073209215040
140732042,ASSAULT,BATTERY WITH SERIOUS INJURIES,Sunday,08/31/2014,02:12,SOUTHERN,NONE,0 Block of 6TH ST,-122.409011206639,37.7811340568243,"(37.7811340568243, -122.409011206639)",14073204204136
140732042,ASSAULT,AGGRAVATED ASSAULT WITH A DEADLY WEAPON,Sunday,08/31/2014,02:12,SOUTHERN,NONE,0 Block of 6TH ST,-122.409011206639,37.7811340568243,"(37.7811340568243, -122.409011206639)",14073204204013
146176953,NON-CRIMINAL,LOST PROPERTY,Sunday,08/31/2014,02:00,CENTRAL,NONE,400 Block of MASON ST,-122.409925328419,37.7877640990096,"(37.7877640990096, -122.409925328419)",14617695371000
146179101,LARCENY/THEFT,GRAND THEFT FROM LOCKED AUTO,Sunday,08/31/2014,02:00,INGLESIDE,NONE,BOSWORTH ST / MILTON ST,-122.429423919135,37.7333917968527,"(37.7333917968527, -122.429423919135)",14617910106244
140732133,NON-CRIMINAL,LOST PROPERTY,Sunday,08/31/2014,01:51,SOUTHERN,NONE,0 Block of 4TH ST,-122.405582629186,37.7854659679151,"(37.7854659679151, -122.405582629186)",14073213371000
140732058,SUSPICIOUS OCC,INVESTIGATIVE DETENTION,Sunday,08/31/2014,01:47,MISSION,"ARREST, BOOKED",1100 Block of SHOTWELL ST,-122.415005297689,37.7500179227307,"(37.7500179227307, -122.415005297689)",14073205864085
140732058,DRUNKENNESS,UNDER INFLUENCE OF ALCOHOL IN A PUBLIC PLACE,Sunday,08/31/2014,01:47,MISSION,"ARREST, BOOKED",1100 Block of SHOTWELL ST,-122.415005297689,37.7500179227307,"(37.7500179227307, -122.415005297689)",14073205819090
140732127,ASSAULT,INFLICT INJURY ON COHABITEE,Sunday,08/31/2014,01:45,CENTRAL,"ARREST, BOOKED",1200 Block of GREENWICH ST,-122.420254475507,37.8009046106896,"(37.8009046106896, -122.420254475507)",14073212715040
140732127,SECONDARY CODES,DOMESTIC VIOLENCE,Sunday,08/31/2014,01:45,CENTRAL,"ARREST, BOOKED",1200 Block of GREENWICH ST,-122.420254475507,37.8009046106896,"(37.8009046106896, -122.420254475507)",14073212715200
140732111,ASSAULT,THREATENING PHONE CALL(S),Sunday,08/31/2014,01:43,CENTRAL,NONE,700 Block of GEARY ST,-122.415632654294,37.7863587808386,"(37.7863587808386, -122.415632654294)",14073211119055
140732111,ASSAULT,THREATS AGAINST LIFE,Sunday,08/31/2014,01:43,CENTRAL,NONE,700 Block of GEARY ST,-122.415632654294,37.7863587808386,"(37.7863587808386, -122.415632654294)",14073211119057
140731997,LARCENY/THEFT,GRAND THEFT FROM LOCKED AUTO,Sunday,08/31/2014,01:40,SOUTHERN,NONE,RIZAL ST / LAPU-LAPU ST,-122.398882384128,37.7822226458536,"(37.7822226458536, -122.398882384128)",14073199706244
140732070,ASSAULT,BATTERY WITH SERIOUS INJURIES,Sunday,08/31/2014,01:30,MISSION,NONE,1900 Block of MISSION ST,-122.41967661615,37.7658510977435,"(37.7658510977435, -122.41967661615)",14073207004136
140731981,DRIVING UNDER THE INFLUENCE,DRIVING WHILE UNDER THE INFLUENCE OF ALCOHOL,Sunday,08/31/2014,01:22,SOUTHERN,NONE,HARRISON ST / 5TH ST,-122.401846367522,37.7790324136251,"(37.7790324136251, -122.401846367522)",14073198165050
146176981,LARCENY/THEFT,PETTY THEFT OF PROPERTY,Sunday,08/31/2014,01:15,CENTRAL,NONE,400 Block of MASON ST,-122.409925328419,37.7877640990096,"(37.7877640990096, -122.409925328419)",14617698106372
140732020,LARCENY/THEFT,GRAND THEFT PICKPOCKET,Sunday,08/31/2014,01:00,NORTHERN,NONE,1100 Block of POLK ST,-122.420000865929,37.7875338412807,"(37.7875338412807, -122.420000865929)",14073202006112
140732622,VEHICLE THEFT,STOLEN AUTOMOBILE,Sunday,08/31/2014,01:00,MISSION,NONE,24TH ST / DOLORES ST,-122.425153003156,37.7518414001553,"(37.7518414001553, -122.425153003156)",14073262207021
146179775,LARCENY/THEFT,PETTY THEFT OF PROPERTY,Sunday,08/31/2014,01:00,NORTHERN,NONE,1200 Block of POLK ST,-122.420326993863,37.7884521578132,"(37.7884521578132, -122.420326993863)",14617977506372
140732105,ASSAULT,THREATS AGAINST LIFE,Sunday,08/31/2014,00:48,SOUTHERN,NONE,400 Block of BERRY ST,-122.3982226939,37.7720161231813,"(37.7720161231813, -122.3982226939)",14073210519057
140738432,LARCENY/THEFT,GRAND THEFT PICKPOCKET,Sunday,08/31/2014,00:45,SOUTHERN,NONE,300 Block of 11TH ST,-122.413189430011,37.7712736913576,"(37.7712736913576, -122.413189430011)",14073843206113
140733250,NON-CRIMINAL,LOST PROPERTY,Sunday,08/31/2014,00:30,SOUTHERN,NONE,HARRISON ST / 11TH ST,-122.41248326348,37.7706305910776,"(37.7706305910776, -122.41248326348)",14073325071000
140732672,VEHICLE THEFT,STOLEN TRUCK,Sunday,08/31/2014,00:30,SOUTHERN,NONE,MINNA ST / 6TH ST,-122.408162953857,37.7805345385278,"(37.7805345385278, -122.408162953857)",14073267207025
140731931,NON-CRIMINAL,LOCATED PROPERTY,Sunday,08/31/2014,00:29,BAYVIEW,"ARREST, BOOKED",3RD ST / EVANS AV,-122.387927387609,37.7427030847405,"(37.7427030847405, -122.387927387609)",14073193173001
140731969,WARRANTS,WARRANT ARREST,Sunday,08/31/2014,00:06,CENTRAL,"ARREST, BOOKED",GRANT AV / VINTON CT,-122.405803850043,37.7917773114863,"(37.7917773114863, -122.405803850043)",14073196963010
146176840,LARCENY/THEFT,GRAND THEFT FROM LOCKED AUTO,Sunday,08/31/2014,00:05,NORTHERN,NONE,ELLIS ST / FRANKLIN ST,-122.422654162984,37.7836201224351,"(37.7836201224351, -122.422654162984)",14617684006244
146176721,LARCENY/THEFT,GRAND THEFT FROM LOCKED AUTO,Sunday,08/31/2014,00:01,SOUTHERN,NONE,800 Block of BRYANT ST,-122.403404791479,37.775420706711,"(37.775420706711, -122.403404791479)",14617672106244
146177183,LARCENY/THEFT,GRAND THEFT FROM LOCKED AUTO,Sunday,08/31/2014,00:01,CENTRAL,NONE,GRANT AV / SUTTER ST,-122.405402610955,37.7896302266935,"(37.7896302266935, -122.405402610955)",14617718306244
140732848,ASSAULT,AGGRAVATED ASSAULT WITH A GUN,Sunday,08/31/2014,00:01,INGLESIDE,NONE,MISSION ST / FLORENTINE AV,-122.443952452723,37.713361169314,"(37.713361169314, -122.443952452723)",14073284804011
140731862,OTHER OFFENSES,TRAFFIC VIOLATION,Sunday,08/31/2014,00:01,SOUTHERN,"ARREST, CITED",HARRISON ST / 7TH ST,-122.406300138733,37.7755131129937,"(37.7755131129937, -122.406300138733)",14073186265015
140731878,OTHER OFFENSES,TRAFFIC VIOLATION,Saturday,08/30/2014,23:58,SOUTHERN,"ARREST, CITED",HARRISON ST / 7TH ST,-122.406300138733,37.7755131129937,"(37.7755131129937, -122.406300138733)",14073187865015
140731834,ROBBERY,ROBBERY OF A SERVICE STATION WITH BODILY FORCE,Saturday,08/30/2014,23:34,NORTHERN,NONE,1800 Block of LOMBARD ST,-122.431977680518,37.8004790843579,"(37.8004790843579, -122.431977680518)",14073183403034
140733119,VEHICLE THEFT,STOLEN AUTOMOBILE,Saturday,08/30/2014,23:30,MISSION,NONE,23RD ST / FOLSOM ST,-122.414233849038,37.7540986882068,"(37.7540986882068, -122.414233849038)",14073311907021
140731828,OTHER OFFENSES,TRAFFIC VIOLATION ARREST,Saturday,08/30/2014,23:29,BAYVIEW,"ARREST, CITED",3RD ST / OAKDALE AV,-122.390697630683,37.7347969947349,"(37.7347969947349, -122.390697630683)",14073182865010
140731828,DRUG/NARCOTIC,POSSESSION OF NARCOTICS PARAPHERNALIA,Saturday,08/30/2014,23:29,BAYVIEW,"ARREST, CITED",3RD ST / OAKDALE AV,-122.390697630683,37.7347969947349,"(37.7347969947349, -122.390697630683)",14073182816710
140735698,LARCENY/THEFT,GRAND THEFT PICKPOCKET,Saturday,08/30/2014,23:10,TENDERLOIN,NONE,100 Block of ELLIS ST,-122.408270724034,37.7854941424186,"(37.7854941424186, -122.408270724034)",14073569806113
146176787,LARCENY/THEFT,GRAND THEFT FROM UNLOCKED AUTO,Saturday,08/30/2014,23:00,NORTHERN,NONE,HAYES ST / POLK ST,-122.418045452768,37.7775118895695,"(37.7775118895695, -122.418045452768)",14617678706224
140732967,NON-CRIMINAL,LOST PROPERTY,Saturday,08/30/2014,23:00,TENDERLOIN,NONE,300 Block of OFARRELL ST,-122.410509258795,37.7860432222992,"(37.7860432222992, -122.410509258795)",14073296771000
146176931,NON-CRIMINAL,LOST PROPERTY,Saturday,08/30/2014,23:00,CENTRAL,NONE,0 Block of DRUMM ST,-122.396421943768,37.7941447423704,"(37.7941447423704, -122.396421943768)",14617693171000
140732547,LARCENY/THEFT,PETTY THEFT FROM LOCKED AUTO,Saturday,08/30/2014,23:00,CENTRAL,NONE,800 Block of POST ST,-122.415821891164,37.7872932910877,"(37.7872932910877, -122.415821891164)",14073254706243
146176646,LARCENY/THEFT,PETTY THEFT OF PROPERTY,Saturday,08/30/2014,23:00,SOUTHERN,NONE,300 Block of 11TH ST,-122.413189430011,37.7712736913576,"(37.7712736913576, -122.413189430011)",14617664606372
140731890,LARCENY/THEFT,GRAND THEFT PICKPOCKET,Saturday,08/30/2014,23:00,TENDERLOIN,NONE,100 Block of ELLIS ST,-122.408270724034,37.7854941424186,"(37.7854941424186, -122.408270724034)",14073189006112
146180142,LARCENY/THEFT,GRAND THEFT FROM UNLOCKED AUTO,Saturday,08/30/2014,23:00,RICHMOND,NONE,100 Block of PARKER AV,-122.454483056367,37.7827803469912,"(37.7827803469912, -122.454483056367)",14618014206224
146178391,LARCENY/THEFT,GRAND THEFT FROM LOCKED AUTO,Saturday,08/30/2014,23:00,CENTRAL,NONE,GRANT AV / PFEIFFER ST,-122.408430917627,37.804834776551,"(37.804834776551, -122.408430917627)",14617839106244
141023133,OTHER OFFENSES,LOST/STOLEN LICENSE PLATE,Saturday,08/30/2014,23:00,RICHMOND,NONE,0 Block of CABRILLO ST,-122.459032478991,37.775537111715,"(37.775537111715, -122.459032478991)",14102313371010
146176997,LARCENY/THEFT,PETTY THEFT OF PROPERTY,Saturday,08/30/2014,22:36,CENTRAL,NONE,1300 Block of GRANT AV,-122.407370965267,37.7992401253832,"(37.7992401253832, -122.407370965267)",14617699706372
140731680,ROBBERY,ROBBERY ON THE STREET WITH A GUN,Saturday,08/30/2014,22:09,INGLESIDE,NONE,500 Block of ALEMANY BL,-122.421305348396,37.7321638759455,"(37.7321638759455, -122.421305348396)",14073168003011
140731630,DRUG/NARCOTIC,POSSESSION OF MARIJUANA,Saturday,08/30/2014,22:04,NORTHERN,"ARREST, BOOKED",TURK ST / WEBSTER ST,-122.430424955334,37.7807160084989,"(37.7807160084989, -122.430424955334)",14073163016010
140731630,WARRANTS,ENROUTE TO OUTSIDE JURISDICTION,Saturday,08/30/2014,22:04,NORTHERN,"ARREST, BOOKED",TURK ST / WEBSTER ST,-122.430424955334,37.7807160084989,"(37.7807160084989, -122.430424955334)",14073163062050
140731840,PROSTITUTION,LOITERING FOR PURPOSE OF PROSTITUTION,Saturday,08/30/2014,22:00,MISSION,"ARREST, CITED",VERMONT ST / 24TH ST,-122.403409085175,37.7531779938926,"(37.7531779938926, -122.403409085175)",14073184013075
146176862,LARCENY/THEFT,GRAND THEFT FROM LOCKED AUTO,Saturday,08/30/2014,22:00,NORTHERN,NONE,NORTHPOINT ST / BUCHANAN ST,-122.433527364175,37.8040331806504,"(37.8040331806504, -122.433527364175)",14617686206244
140736373,VEHICLE THEFT,STOLEN AUTOMOBILE,Saturday,08/30/2014,22:00,PARK,NONE,400 Block of WARREN DR,-122.462019901741,37.7580000655652,"(37.7580000655652, -122.462019901741)",14073637307021
140736373,VEHICLE THEFT,STOLEN AND RECOVERED VEHICLE,Saturday,08/30/2014,22:00,PARK,NONE,400 Block of WARREN DR,-122.462019901741,37.7580000655652,"(37.7580000655652, -122.462019901741)",14073637307020
146178595,LARCENY/THEFT,GRAND THEFT FROM LOCKED AUTO,Saturday,08/30/2014,22:00,SOUTHERN,NONE,800 Block of BRYANT ST,-122.403404791479,37.775420706711,"(37.775420706711, -122.403404791479)",14617859506244
146179082,LARCENY/THEFT,GRAND THEFT FROM LOCKED AUTO,Saturday,08/30/2014,22:00,INGLESIDE,NONE,300 Block of BENNINGTON ST,-122.418113315503,37.7374583204983,"(37.7374583204983, -122.418113315503)",14617908206244
140745437,LARCENY/THEFT,GRAND THEFT PURSESNATCH,Saturday,08/30/2014,22:00,CENTRAL,NONE,300 Block of SANSOME ST,-122.401201213588,37.7937743739296,"(37.7937743739296, -122.401201213588)",14074543706131
140731840,PROSTITUTION,INDECENT EXPOSURE - PROSTITUTION RELATED,Saturday,08/30/2014,22:00,MISSION,"ARREST, CITED",VERMONT ST / 24TH ST,-122.403409085175,37.7531779938926,"(37.7531779938926, -122.403409085175)",14073184014041
140731840,OTHER OFFENSES,TRAFFIC VIOLATION,Saturday,08/30/2014,22:00,MISSION,"ARREST, CITED",VERMONT ST / 24TH ST,-122.403409085175,37.7531779938926,"(37.7531779938926, -122.403409085175)",14073184065015
140734004,MISSING PERSON,MISSING ADULT,Saturday,08/30/2014,21:56,BAYVIEW,NONE,1400 Block of PHELPS ST,-122.394438859914,37.7364438996732,"(37.7364438996732, -122.394438859914)",14073400474000
146176395,LARCENY/THEFT,GRAND THEFT FROM UNLOCKED AUTO,Saturday,08/30/2014,21:50,SOUTHERN,NONE,TOWNSEND ST / 4TH ST,-122.394985875925,37.7770909534023,"(37.7770909534023, -122.394985875925)",14617639506224
140731737,OTHER OFFENSES,VIOLATION OF EMERGENCY PROTECTIVE ORDER,Saturday,08/30/2014,21:45,CENTRAL,NONE,1000 Block of UNION ST,-122.416927585759,37.7994151341168,"(37.7994151341168, -122.416927585759)",14073173715160
140731583,WARRANTS,ENROUTE TO OUTSIDE JURISDICTION,Saturday,08/30/2014,21:41,INGLESIDE,"ARREST, BOOKED",0 Block of LISBON ST,-122.429431973452,37.7274142432001,"(37.7274142432001, -122.429431973452)",14073158362050
146176420,LARCENY/THEFT,GRAND THEFT FROM LOCKED AUTO,Saturday,08/30/2014,21:35,SOUTHERN,NONE,700 Block of FOLSOM ST,-122.399625435061,37.7831585013597,"(37.7831585013597, -122.399625435061)",14617642006244
140731470,OTHER OFFENSES,TRAFFIC VIOLATION,Saturday,08/30/2014,21:35,SOUTHERN,"ARREST, CITED",HARRISON ST / 6TH ST,-122.404071611406,37.7772741854354,"(37.7772741854354, -122.404071611406)",14073147065015
140733460,VEHICLE THEFT,STOLEN AUTOMOBILE,Saturday,08/30/2014,21:30,CENTRAL,NONE,1000 Block of UNION ST,-122.416137153846,37.7996251250719,"(37.7996251250719, -122.416137153846)",14073346007021
140731549,ASSAULT,BATTERY,Saturday,08/30/2014,21:22,SOUTHERN,NONE,11TH ST / MISSION ST,-122.417104895556,37.7743242867908,"(37.7743242867908, -122.417104895556)",14073154904134
146176743,LARCENY/THEFT,PETTY THEFT OF PROPERTY,Saturday,08/30/2014,21:20,NORTHERN,NONE,GEARY BL / FILLMORE ST,-122.432914603494,37.7843533426568,"(37.7843533426568, -122.432914603494)",14617674306372
140731486,DRIVING UNDER THE INFLUENCE,DRIVING WHILE UNDER THE INFLUENCE OF DRUGS,Saturday,08/30/2014,21:20,SOUTHERN,"ARREST, BOOKED",HARRISON ST / 7TH ST,-122.406300138733,37.7755131129937,"(37.7755131129937, -122.406300138733)",14073148665060
140731668,LARCENY/THEFT,PETTY THEFT FROM LOCKED AUTO,Saturday,08/30/2014,21:15,CENTRAL,NONE,SANSOME ST / FILBERT ST,-122.402975594053,37.8021677968656,"(37.8021677968656, -122.402975594053)",14073166806243
140731561,DRIVING UNDER THE INFLUENCE,DRIVING WHILE UNDER THE INFLUENCE OF DRUGS,Saturday,08/30/2014,21:10,SOUTHERN,"ARREST, BOOKED",HARRISON ST / 7TH ST,-122.406300138733,37.7755131129937,"(37.7755131129937, -122.406300138733)",14073156165060
140731533,SUSPICIOUS OCC,INVESTIGATIVE DETENTION,Saturday,08/30/2014,21:08,BAYVIEW,UNFOUNDED,1400 Block of UNDERWOOD AV,-122.389103780329,37.7281629319258,"(37.7281629319258, -122.389103780329)",14073153364085
146176812,LARCENY/THEFT,GRAND THEFT FROM LOCKED AUTO,Saturday,08/30/2014,21:00,NORTHERN,NONE,1600 Block of BUSH ST,-122.424442028878,37.7882271832363,"(37.7882271832363, -122.424442028878)",14617681206244
140731709,LARCENY/THEFT,GRAND THEFT PICKPOCKET,Saturday,08/30/2014,21:00,CENTRAL,NONE,300 Block of POWELL ST,-122.408384275542,37.7878271137225,"(37.7878271137225, -122.408384275542)",14073170906114
146177882,LARCENY/THEFT,PETTY THEFT OF PROPERTY,Saturday,08/30/2014,21:00,RICHMOND,NONE,2300 Block of GOLDEN GATE AV,-122.449116002905,37.7773216006661,"(37.7773216006661, -122.449116002905)",14617788206372
140739220,ASSAULT,THREATS AGAINST LIFE,Saturday,08/30/2014,21:00,TENDERLOIN,NONE,100 Block of 5THSTNORTH ST,-122.408648588965,37.7849124714135,"(37.7849124714135, -122.408648588965)",14073922019057
146191359,LARCENY/THEFT,GRAND THEFT FROM LOCKED AUTO,Saturday,08/30/2014,21:00,INGLESIDE,NONE,0 Block of HEARST AV,-122.439224729657,37.7306804792794,"(37.7306804792794, -122.439224729657)",14619135906244
140732177,LARCENY/THEFT,PETTY THEFT FROM LOCKED AUTO,Saturday,08/30/2014,21:00,SOUTHERN,NONE,10TH ST / FOLSOM ST,-122.412826648024,37.772811562575,"(37.772811562575, -122.412826648024)",14073217706243
140757216,LARCENY/THEFT,PETTY THEFT FROM LOCKED AUTO,Saturday,08/30/2014,20:40,MISSION,NONE,1200 Block of HAMPSHIRE ST,-122.40714465605,37.7520972558707,"(37.7520972558707, -122.40714465605)",14075721606242
140731555,SUSPICIOUS OCC,INVESTIGATIVE DETENTION,Saturday,08/30/2014,20:35,PARK,NONE,700 Block of STANYAN ST,-122.453376250788,37.7687142722405,"(37.7687142722405, -122.453376250788)",14073155564085